

insert into Usuari values("aaa","aaa%40gmail.com","asqweeds123e") ;
insert into Usuari values("marc","marc%40gmail.com","asqweeds123e") ;
insert into Usuari values("nano","nano%40gmail.com","asqweeds123e") ;
insert into Usuari values("pere","pere%40gmail.com","asqweeds123e") ;


insert into Gimnas values("vivagym","Barcelona","Espanya") ;
insert into Gimnas values("CEM","Barcelona","Espanya") ;
insert into Gimnas values("fit","Badalona","Espanya") ;
insert into Gimnas values("metropolitan","Madrid","Madrid") ;

insert into Inscripcio values("vivagym","aaa",3) ;
insert into Inscripcio values("fit","aaa",2) ;
insert into Inscripcio values("vivagym","marc",3) ;
insert into Inscripcio values("metropolitan","marc",4) ;

insert into Rutina(nom,duracio,nom_user) values("push",30,"marc") ;
insert into Rutina(nom,duracio,nom_user) values("pull",45,"nano") ;
insert into Rutina(nom,duracio,nom_user) values("leg",50,"marc") ;

insert into Exercici values("pressBanca","push","marc")  ;
insert into Exercici values("cinta","push","marc")  ;
insert into Exercici values("jalon","pull","nano") ;
insert into Exercici values("cinta","pull","nano")  ;
insert into Exercici values("premsa","leg","marc")  ;
insert into Exercici values("bici","leg","marc") ;

insert into Pes values("pressBanca",5,80,"push","marc") ;
insert into Pes values("jalon",5,40,"pull","nano") ;
insert into Pes  values("premsa",5,80,"leg","marc") ;

insert into Cardio values("cinta",10,"push","marc");
insert into Cardio values("cinta",20,"pull","nano") ;
insert into Cardio values("bici",30,"leg","marc")  ;








